<?xml version="1.0" encoding="UTF-8"?>
<beans xmlns="http://www.springframework.org/schema/beans"
	xmlns:xsi="http://www.w3.org/2001/XMLSchema-instance"
	xmlns:context="http://www.springframework.org/schema/context"
	xmlns:mvc="http://www.springframework.org/schema/mvc"
	
	
	
xsi:schemaLocation	="http://www.springframework.org/schema/beans http://www.springframework.org/schema/beans/spring-beans-4.3.xsd
		http://www.springframework.org/schema/context http://www.springframework.org/schema/context/spring-context-4.3.xsd
	http://www.springframework.org/schema/mvc http://www.springframework.org/schema/mvc/spring-mvc-4.3.xsd">

<context:component-scan base-package ="com.htc.springmvc.controller,com.htc.springmvc.Benas,com.htc.springmvc.Dao,com.htc.springmvc.Service"/>
	<context:annotation-config />
	<mvc:annotation-driven/>
	
	<context:property-placeholder location="classpath:jdbc.properties"/>
	
	  <bean id="dataSource" class="org.springframework.jdbc.datasource.DriverManagerDataSource">
	    <property name="driverClassName" value="${jdbc.driverClassName}"/>
	    <property name="url" value="${jdbc.url}"/>
	    <property name="username" value="${jdbc.url}"/>
	    <property name="password" value="{jdbc.password}"/>
	</bean>	
	
		
	
	<!-- <mvc:resources mapping="/resources/**" location="/resources/" /-->
	
	<bean class="org.springframework.web.servlet.view.InternalResourceViewResolver">
		<property name="viewClass" value="org.springframework.web.servlet.view.JstlView" />
		<property name="prefix" value="/WEB-INF/views/" />
		<property name="suffix" value=".jsp" />
	</bean>
	

	
</beans>